OpportunityID,TouchpointID,LoanID,SalesAmount,SalesOpportunityWon,Timestamp
O00001,T05350,L00001,11409,True,2024-09-01 13:08:01.0000000
O00002,T05380,L00002,18908,True,2024-10-22 06:55:01.0000000
O00003,T05019,L00003,19129,True,2024-11-03 05:43:01.0000000
O00004,T05003,,0,False,2024-11-13 22:58:01.0000000
O00005,T05131,L00005,23990,True,2024-11-23 03:34:01.0000000
O00006,T05507,,0,False,2024-01-25 06:49:01.0000000
O00007,T05238,L00007,31067,True,2024-12-20 00:15:01.0000000
O00008,T05022,L00008,23069,True,2024-09-16 19:53:01.0000000
O00009,T05117,,0,False,2024-12-27 16:30:01.0000000
O00010,T05466,,0,False,2024-12-03 20:45:01.0000000
O00011,T05482,,0,False,2024-12-28 21:43:01.0000000
O00012,T05481,,0,False,2024-11-03 16:17:01.0000000
O00013,T05401,L00013,19400,True,2024-12-05 05:52:01.0000000
O00014,T05385,,0,False,2024-09-07 17:22:01.0000000
O00015,T05007,L00015,25155,True,2024-07-26 17:31:01.0000000
O00016,T05274,,0,False,2024-12-01 12:04:01.0000000
O00017,T05075,,0,False,2024-02-14 22:04:01.0000000
O00018,T05473,,0,False,2024-06-19 08:33:01.0000000
O00019,T05467,L00019,41360,True,2024-07-09 07:21:01.0000000
O00020,T05371,,0,False,2024-03-07 09:47:01.0000000
O00021,T05321,L00021,38737,True,2024-11-04 10:00:01.0000000
O00022,T05475,,0,False,2024-11-17 17:22:01.0000000
O00023,T04979,L00023,7601,True,2024-07-28 12:04:01.0000000
O00024,T05489,L00024,37666,True,2024-10-04 11:24:01.0000000
O00025,T05455,L00025,30017,True,2024-10-20 09:52:01.0000000
O00026,T05135,,0,False,2024-09-17 17:56:01.0000000
O00027,T05390,L00027,9288,True,2024-11-21 03:12:01.0000000
O00028,T05085,,0,False,2024-08-08 12:04:01.0000000
O00029,T05058,L00029,46199,True,2024-10-19 14:36:01.0000000
O00030,T05203,,0,False,2024-10-27 17:47:01.0000000
O00031,T05201,L00031,42792,True,2024-10-20 08:23:01.0000000
O00032,T05565,L00032,46098,True,2024-11-26 23:54:01.0000000
O00033,T04987,,0,False,2024-11-28 21:16:01.0000000
O00034,T05516,L00034,47413,True,2024-09-22 16:20:01.0000000
O00035,T05273,L00035,42577,True,2024-06-11 06:02:01.0000000
O00036,T05353,,0,False,2024-11-02 04:32:01.0000000
O00037,T05359,,0,False,2024-12-30 03:57:01.0000000
O00038,T05347,L00038,36885,True,2024-08-09 19:22:01.0000000
O00039,T05249,L00039,41666,True,2024-12-22 23:04:01.0000000
O00040,T04986,L00040,30885,True,2024-09-19 21:24:01.0000000
O00041,T05383,L00041,26395,True,2023-10-20 18:52:01.0000000
O00042,T05184,L00042,32288,True,2024-11-17 13:50:01.0000000
O00043,T05101,L00043,21868,True,2024-11-23 12:41:01.0000000
O00044,T05493,,0,False,2024-07-25 22:44:01.0000000
O00045,T05074,,0,False,2024-10-18 12:17:01.0000000
O00046,T05290,,0,False,2024-11-18 03:24:01.0000000
O00047,T05387,L00047,26454,True,2024-06-05 03:45:01.0000000
O00048,T05399,L00048,5160,True,2024-05-17 09:58:01.0000000
O00049,T05026,L00049,23858,True,2024-12-23 12:40:01.0000000
O00050,T05421,L00050,49638,True,2024-11-21 04:03:01.0000000
O00051,T05052,L00051,9673,True,2024-07-28 15:32:01.0000000
O00052,T05162,,0,False,2024-08-15 20:36:01.0000000
O00053,T05126,,0,False,2024-10-12 21:35:01.0000000
O00054,T05397,L00054,26618,True,2024-07-17 18:24:01.0000000
O00055,T05392,L00055,11586,True,2024-03-31 15:55:01.0000000
O00056,T05118,,0,False,2024-05-25 11:19:01.0000000
O00057,T05234,,0,False,2024-07-28 00:46:01.0000000
O00058,T05563,L00058,7832,True,2024-10-20 18:11:01.0000000
O00059,T05032,L00059,43739,True,2024-12-13 16:59:01.0000000
O00060,T05069,L00060,43466,True,2024-06-30 02:46:01.0000000
O00061,T05070,,0,False,2024-11-29 11:03:01.0000000
O00062,T05352,,0,False,2024-11-28 18:15:01.0000000
O00063,T05428,,0,False,2024-12-23 16:27:01.0000000
O00064,T05211,L00064,49414,True,2024-06-14 13:31:01.0000000
O00065,T05047,L00065,15736,True,2024-01-31 15:10:01.0000000
O00066,T05562,,0,False,2024-09-29 05:04:01.0000000
O00067,T04995,,0,False,2024-09-12 06:43:01.0000000
O00068,T05282,,0,False,2024-10-16 01:08:01.0000000
O00069,T04981,,0,False,2024-12-11 01:48:01.0000000
O00070,T05440,L00070,23414,True,2024-11-20 15:22:01.0000000
O00071,T05035,L00071,36162,True,2024-02-15 06:46:01.0000000
O00072,T05175,L00072,10800,True,2024-07-09 04:54:01.0000000
O00073,T05183,,0,False,2024-12-22 00:40:01.0000000
O00074,T05158,,0,False,2024-10-23 13:23:01.0000000
O00075,T05370,L00075,49153,True,2024-08-12 00:24:01.0000000
O00076,T05291,L00076,45742,True,2024-04-06 10:14:01.0000000
O00077,T05248,L00077,47692,True,2024-08-25 03:26:01.0000000
O00078,T04951,L00078,37232,True,2024-09-22 03:39:01.0000000
O00079,T05198,,0,False,2024-12-17 14:19:01.0000000
O00080,T05434,L00080,30206,True,2024-12-16 00:45:01.0000000
O00081,T05485,,0,False,2024-10-27 16:59:01.0000000
O00082,T05258,,0,False,2024-07-14 15:43:01.0000000
O00083,T05502,,0,False,2024-07-02 13:26:01.0000000
O00084,T04958,L00084,14923,True,2024-08-29 22:50:01.0000000
O00085,T05265,L00085,5345,True,2024-09-12 14:13:01.0000000
O00086,T05514,,0,False,2024-11-16 11:54:01.0000000
O00087,T05127,,0,False,2024-07-04 18:08:01.0000000
O00088,T05411,,0,False,2024-05-11 20:38:01.0000000
O00089,T05148,L00089,26689,True,2024-07-24 07:04:01.0000000
O00090,T05518,L00090,21640,True,2024-11-12 15:51:01.0000000
O00091,T05042,L00091,48341,True,2024-12-11 09:38:01.0000000
O00092,T05400,,0,False,2024-08-21 05:01:01.0000000
O00093,T05212,L00093,30854,True,2024-12-24 18:07:01.0000000
O00094,T05140,,0,False,2024-11-25 03:44:01.0000000
O00095,T05572,L00095,40920,True,2024-03-22 17:31:01.0000000
O00096,T05504,L00096,38949,True,2024-09-28 09:40:01.0000000
O00097,T05107,,0,False,2024-11-19 21:30:01.0000000
O00098,T05279,L00098,42459,True,2024-07-04 15:01:01.0000000
O00099,T04957,L00099,43270,True,2024-04-07 16:40:01.0000000
O00100,T05297,L00100,33220,True,2024-11-17 08:53:01.0000000
O00101,T05376,L00101,9550,True,2024-11-10 19:11:01.0000000
O00102,T05317,,0,False,2024-08-25 18:53:01.0000000
O00103,T05063,L00103,25103,True,2024-09-23 07:20:01.0000000
O00104,T05016,L00104,49341,True,2024-06-11 12:37:01.0000000
O00105,T05235,L00105,9058,True,2024-07-19 05:02:01.0000000
O00106,T05448,L00106,49563,True,2024-08-21 10:02:01.0000000
O00107,T05006,,0,False,2024-08-20 13:22:01.0000000
O00108,T05512,,0,False,2024-07-02 06:00:01.0000000
O00109,T05395,,0,False,2024-12-08 20:42:01.0000000
O00110,T05040,L00110,30058,True,2024-05-12 05:33:01.0000000
O00111,T04972,L00111,25059,True,2024-12-24 04:50:01.0000000
O00112,T05529,,0,False,2024-07-06 01:52:01.0000000
O00113,T05351,L00113,27657,True,2024-12-09 22:44:01.0000000
O00114,T05177,,0,False,2024-12-22 10:04:01.0000000
O00115,T05191,,0,False,2024-04-27 07:27:01.0000000
O00116,T05196,,0,False,2024-09-20 23:46:01.0000000
O00117,T05147,,0,False,2024-12-07 10:08:01.0000000
O00118,T05330,,0,False,2024-11-08 02:50:01.0000000
O00119,T05076,,0,False,2024-10-12 10:29:01.0000000
O00120,T05163,L00120,33344,True,2024-10-23 19:16:01.0000000
O00121,T05054,,0,False,2024-05-24 00:42:01.0000000
O00122,T05438,L00122,34138,True,2024-12-02 19:13:01.0000000
O00123,T05149,,0,False,2023-07-30 00:25:01.0000000
O00124,T05062,,0,False,2024-11-08 05:41:01.0000000
O00125,T05340,L00125,35917,True,2023-11-23 07:55:01.0000000
O00126,T05505,L00126,38279,True,2024-11-02 19:58:01.0000000
O00127,T05239,,0,False,2024-08-27 21:15:01.0000000
O00128,T05337,,0,False,2024-07-15 15:46:01.0000000
O00129,T05270,L00129,41766,True,2024-12-08 14:56:01.0000000
O00130,T05549,,0,False,2024-02-16 19:42:01.0000000
O00131,T05259,L00131,13744,True,2024-07-13 05:58:01.0000000
O00132,T05424,L00132,27929,True,2024-09-21 20:01:01.0000000
O00133,T05182,L00133,25822,True,2024-07-15 04:27:01.0000000
O00134,T05533,,0,False,2024-12-11 19:38:01.0000000
O00135,T05242,,0,False,2024-11-17 21:28:01.0000000
O00136,T05409,L00136,23684,True,2024-10-10 13:37:01.0000000
O00137,T05571,L00137,40561,True,2024-12-22 08:00:01.0000000
O00138,T05053,,0,False,2024-11-18 11:05:01.0000000
O00139,T05086,,0,False,2024-12-21 04:16:01.0000000
O00140,T05306,,0,False,2024-07-26 09:55:01.0000000
O00141,T04960,L00141,39499,True,2024-12-07 03:04:01.0000000
O00142,T05045,,0,False,2024-12-22 00:05:01.0000000
O00143,T05255,,0,False,2024-12-21 05:50:01.0000000
O00144,T05468,,0,False,2024-08-18 15:23:01.0000000
O00145,T05046,L00145,11331,True,2024-11-17 19:33:01.0000000
O00146,T05388,L00146,6859,True,2024-08-21 08:11:01.0000000
O00147,T05224,L00147,14911,True,2024-11-10 12:04:01.0000000
O00148,T05181,,0,False,2024-10-23 13:56:01.0000000
O00149,T04984,L00149,49904,True,2024-12-30 02:32:01.0000000
O00150,T05169,,0,False,2024-12-06 02:52:01.0000000
O00151,T04998,,0,False,2023-12-20 09:59:01.0000000
O00152,T05151,L00152,41389,True,2024-12-24 20:57:01.0000000
O00153,T05218,,0,False,2024-10-08 06:10:01.0000000
O00154,T05002,L00154,16253,True,2024-11-29 18:49:01.0000000
O00155,T05195,,0,False,2024-11-23 17:10:01.0000000
O00156,T05193,L00156,49370,True,2024-12-26 20:06:01.0000000
O00157,T05293,,0,False,2024-06-14 08:47:01.0000000
O00158,T05225,,0,False,2024-12-12 12:12:01.0000000
O00159,T05439,L00159,12685,True,2024-12-21 13:52:01.0000000
O00160,T05299,L00160,18335,True,2024-03-02 21:18:01.0000000
O00161,T05226,L00161,36712,True,2024-06-04 13:46:01.0000000
O00162,T05251,,0,False,2024-12-08 09:10:01.0000000
O00163,T05526,L00163,39763,True,2024-11-24 19:00:01.0000000
O00164,T05061,,0,False,2024-09-11 06:16:01.0000000
O00165,T05436,,0,False,2024-03-25 00:33:01.0000000
O00166,T05414,,0,False,2024-12-01 21:58:01.0000000
O00167,T04993,,0,False,2024-11-20 05:44:01.0000000
O00168,T05472,L00168,18359,True,2024-09-30 20:58:01.0000000
O00169,T05253,,0,False,2024-08-03 21:16:01.0000000
O00170,T05345,,0,False,2024-09-11 09:01:01.0000000
O00171,T05378,,0,False,2024-12-05 22:21:01.0000000
O00172,T04963,,0,False,2024-11-04 23:58:01.0000000
O00173,T05521,L00173,40580,True,2024-08-31 16:02:01.0000000
O00174,T05471,L00174,38791,True,2024-09-01 14:28:01.0000000
O00175,T05324,L00175,17966,True,2024-05-24 20:04:01.0000000
O00176,T05334,,0,False,2023-10-18 08:57:01.0000000
O00177,T05355,L00177,5163,True,2024-12-14 13:31:01.0000000
O00178,T05207,L00178,40254,True,2024-04-17 14:15:01.0000000
O00179,T05286,,0,False,2024-10-10 06:47:01.0000000
O00180,T05564,L00180,17309,True,2024-11-05 11:31:01.0000000
O00181,T05373,,0,False,2024-10-05 11:46:01.0000000
O00182,T05071,L00182,45475,True,2024-11-05 02:10:01.0000000
O00183,T04974,,0,False,2024-12-16 21:46:01.0000000
O00184,T05408,L00184,42631,True,2024-12-05 16:36:01.0000000
O00185,T05441,L00185,28083,True,2024-10-19 23:09:01.0000000
O00186,T05538,,0,False,2024-12-19 03:30:01.0000000
O00187,T05534,,0,False,2024-10-10 12:57:01.0000000
O00188,T05102,,0,False,2024-12-09 21:18:01.0000000
O00189,T05551,L00189,26122,True,2024-07-22 17:55:01.0000000
O00190,T05154,L00190,30482,True,2024-06-12 05:16:01.0000000
O00191,T05150,,0,False,2024-09-20 07:58:01.0000000
O00192,T05232,,0,False,2024-12-05 17:45:01.0000000
O00193,T04952,L00193,37293,True,2024-08-01 22:48:01.0000000
O00194,T05344,,0,False,2024-05-24 03:09:01.0000000
O00195,T05410,L00195,7553,True,2024-10-07 00:40:01.0000000
O00196,T05186,L00196,14744,True,2024-07-20 14:07:01.0000000
O00197,T04967,L00197,37738,True,2024-06-12 16:58:01.0000000
O00198,T05271,L00198,15476,True,2024-11-01 04:03:01.0000000
O00199,T05213,,0,False,2024-12-30 11:47:01.0000000
O00200,T05008,,0,False,2024-06-05 04:20:01.0000000
O00201,T05073,,0,False,2024-08-02 21:36:01.0000000
O00202,T04956,,0,False,2024-11-13 13:53:01.0000000
O00203,T05327,L00203,43520,True,2024-06-12 03:05:01.0000000
O00204,T05190,L00204,43977,True,2024-12-03 12:35:01.0000000
O00205,T05310,,0,False,2024-06-20 08:41:01.0000000
O00206,T05139,L00206,49497,True,2023-12-27 17:41:01.0000000
O00207,T05503,L00207,35405,True,2023-09-07 23:30:01.0000000
O00208,T05095,L00208,32366,True,2024-12-02 02:15:01.0000000
O00209,T05501,,0,False,2024-10-29 22:19:01.0000000
O00210,T05328,L00210,45743,True,2024-06-07 13:21:01.0000000
O00211,T05319,L00211,43217,True,2024-09-13 01:53:01.0000000
O00212,T04990,L00212,18635,True,2024-12-30 20:58:01.0000000
O00213,T05405,L00213,22705,True,2024-11-30 21:20:01.0000000
O00214,T05078,,0,False,2024-06-04 13:09:01.0000000
O00215,T04965,,0,False,2024-12-11 17:42:01.0000000
O00216,T05137,,0,False,2024-12-19 04:57:01.0000000
O00217,T05171,,0,False,2024-08-31 17:12:01.0000000
O00218,T05066,L00218,30228,True,2024-11-07 02:54:01.0000000
O00219,T05540,L00219,13153,True,2024-11-06 05:12:01.0000000
O00220,T05094,,0,False,2024-05-09 08:36:01.0000000
O00221,T05077,,0,False,2024-10-12 05:40:01.0000000
O00222,T05363,L00222,30620,True,2024-07-23 05:07:01.0000000
O00223,T05386,,0,False,2024-12-31 15:26:01.0000000
O00224,T05079,L00224,43518,True,2024-04-27 18:46:01.0000000
O00225,T05415,,0,False,2024-07-11 15:59:01.0000000
O00226,T05419,,0,False,2024-09-03 05:25:01.0000000
O00227,T05027,,0,False,2024-07-20 06:44:01.0000000
O00228,T05404,,0,False,2024-03-30 15:16:01.0000000
O00229,T05548,L00229,14463,True,2024-06-24 03:54:01.0000000
O00230,T05156,L00230,15571,True,2024-12-06 03:46:01.0000000
O00231,T05389,L00231,19436,True,2024-02-07 19:09:01.0000000
O00232,T05012,L00232,37834,True,2024-06-17 21:30:01.0000000
O00233,T05247,L00233,49126,True,2024-05-29 17:22:01.0000000
O00234,T05316,,0,False,2024-03-11 20:46:01.0000000
O00235,T05260,L00235,46108,True,2024-12-17 15:47:01.0000000
O00236,T05449,L00236,38826,True,2024-12-16 05:03:01.0000000
O00237,T05463,L00237,37013,True,2024-06-15 23:53:01.0000000
O00238,T05142,L00238,31282,True,2024-11-08 13:40:01.0000000
O00239,T05108,,0,False,2024-12-27 12:03:01.0000000
O00240,T05221,,0,False,2024-09-20 06:43:01.0000000
O00241,T05264,L00241,27622,True,2024-02-23 01:39:01.0000000
O00242,T05365,L00242,20074,True,2024-10-25 22:35:01.0000000
O00243,T05125,L00243,43481,True,2024-06-28 13:49:01.0000000
O00244,T05243,,0,False,2024-12-26 23:55:01.0000000
O00245,T05157,L00245,9575,True,2024-11-23 02:12:01.0000000
O00246,T05494,,0,False,2024-10-09 11:01:01.0000000
O00247,T05023,L00247,44427,True,2024-08-05 11:29:01.0000000
O00248,T05357,,0,False,2024-09-29 09:17:01.0000000
O00249,T05165,,0,False,2024-11-05 06:19:01.0000000
O00250,T05431,L00250,13593,True,2024-11-25 23:31:01.0000000
O00251,T05477,L00251,11222,True,2024-09-10 10:16:01.0000000
O00252,T05506,L00252,18723,True,2024-10-03 16:22:01.0000000
O00253,T05303,,0,False,2024-12-23 03:23:01.0000000
O00254,T05229,,0,False,2024-11-25 08:50:01.0000000
O00255,T05379,L00255,47905,True,2024-07-17 01:13:01.0000000
O00256,T04962,,0,False,2024-12-02 08:22:01.0000000
O00257,T05447,,0,False,2024-08-01 23:44:01.0000000
O00258,T05517,L00258,27960,True,2024-07-25 04:52:01.0000000
O00259,T05524,L00259,29647,True,2024-11-06 04:52:01.0000000
O00260,T05462,L00260,25894,True,2024-11-25 19:22:01.0000000
O00261,T05336,,0,False,2024-11-14 08:12:01.0000000
O00262,T05129,,0,False,2024-08-01 16:39:01.0000000
O00263,T04982,,0,False,2024-09-15 06:03:01.0000000
O00264,T04994,L00264,29592,True,2024-12-09 21:55:01.0000000
O00265,T04969,,0,False,2024-09-28 00:32:01.0000000
O00266,T05104,L00266,9767,True,2024-11-06 18:51:01.0000000
O00267,T05375,,0,False,2024-12-03 09:23:01.0000000
O00268,T05124,,0,False,2024-08-05 10:22:01.0000000
O00269,T05001,,0,False,2024-11-11 00:45:01.0000000
O00270,T05402,,0,False,2024-10-06 14:42:01.0000000
O00271,T05576,L00271,10472,True,2024-10-12 03:56:01.0000000
O00272,T05167,L00272,39163,True,2024-09-15 14:02:01.0000000
O00273,T05332,,0,False,2024-07-07 09:36:01.0000000
O00274,T05288,L00274,27197,True,2024-09-02 02:08:01.0000000
O00275,T05269,,0,False,2024-11-26 05:26:01.0000000
O00276,T05215,,0,False,2024-08-28 11:12:01.0000000
O00277,T05250,,0,False,2024-09-30 07:56:01.0000000
O00278,T05342,L00278,47317,True,2024-11-19 10:42:01.0000000
O00279,T05000,,0,False,2024-07-01 17:09:01.0000000
O00280,T05106,,0,False,2024-10-11 21:33:01.0000000
O00281,T05542,,0,False,2024-04-03 11:16:01.0000000
O00282,T05287,,0,False,2024-09-30 08:51:01.0000000
O00283,T05398,,0,False,2024-07-14 10:18:01.0000000
O00284,T05566,L00284,20983,True,2024-08-25 13:18:01.0000000
O00285,T05120,,0,False,2023-05-16 13:11:01.0000000
O00286,T05430,L00286,27069,True,2024-11-22 15:32:01.0000000
O00287,T05536,,0,False,2024-02-22 18:01:01.0000000
O00288,T05539,L00288,37289,True,2024-03-31 20:02:01.0000000
O00289,T05432,,0,False,2024-10-20 15:05:01.0000000
O00290,T05092,L00290,34967,True,2024-10-14 04:30:01.0000000
O00291,T04955,L00291,5183,True,2024-02-17 12:06:01.0000000
O00292,T05114,L00292,16512,True,2024-11-01 11:54:01.0000000
O00293,T05115,L00293,41695,True,2024-12-22 23:47:01.0000000
O00294,T04950,,0,False,2024-08-05 15:31:01.0000000
O00295,T05128,L00295,27144,True,2024-07-13 05:30:01.0000000
O00296,T05300,,0,False,2024-11-14 07:32:01.0000000
O00297,T05513,L00297,38977,True,2024-08-14 07:02:01.0000000
O00298,T05294,L00298,30346,True,2024-08-30 07:21:01.0000000
O00299,T05312,,0,False,2024-04-24 15:32:01.0000000
O00300,T05360,,0,False,2024-11-20 13:02:01.0000000
O00301,T05014,,0,False,2024-03-06 12:50:01.0000000
O00302,T05138,,0,False,2024-10-29 19:17:01.0000000
O00303,T04988,,0,False,2024-11-13 16:31:01.0000000
O00304,T05160,L00304,35209,True,2024-11-27 10:38:01.0000000
O00305,T05231,,0,False,2024-01-11 02:36:01.0000000
O00306,T05143,,0,False,2024-10-14 19:11:01.0000000
O00307,T05470,,0,False,2024-10-18 14:50:01.0000000
O00308,T04997,L00308,29685,True,2024-10-08 01:55:01.0000000
O00309,T05240,,0,False,2024-10-14 05:46:01.0000000
O00310,T05314,,0,False,2024-12-10 08:08:01.0000000
O00311,T05498,,0,False,2024-03-05 13:14:01.0000000
O00312,T05547,,0,False,2024-01-14 23:42:01.0000000
O00313,T05450,,0,False,2024-11-20 16:47:01.0000000
O00314,T05194,,0,False,2024-12-28 04:03:01.0000000
O00315,T05425,L00315,35138,True,2024-12-14 01:20:01.0000000
O00316,T05519,,0,False,2024-09-30 20:40:01.0000000
O00317,T05527,L00317,10582,True,2024-09-27 10:19:01.0000000
O00318,T05500,,0,False,2023-11-20 10:59:01.0000000
O00319,T05210,L00319,27286,True,2024-08-01 20:52:01.0000000
O00320,T05446,L00320,43359,True,2023-12-29 05:28:01.0000000
O00321,T05056,L00321,15690,True,2024-02-15 08:01:01.0000000
O00322,T05525,L00322,49875,True,2024-03-22 22:15:01.0000000
O00323,T05508,L00323,43363,True,2024-12-10 05:59:01.0000000
O00324,T05372,,0,False,2024-08-01 19:36:01.0000000
O00325,T05339,,0,False,2024-12-22 14:13:01.0000000
O00326,T04959,,0,False,2024-07-28 01:13:01.0000000
O00327,T05119,,0,False,2024-08-12 14:54:01.0000000
O00328,T05575,,0,False,2024-03-31 06:25:01.0000000
O00329,T05354,,0,False,2024-01-25 10:36:01.0000000
O00330,T05096,L00330,19755,True,2023-07-19 06:40:01.0000000
O00331,T05266,L00331,24064,True,2024-08-13 02:25:01.0000000
O00332,T05556,,0,False,2024-03-22 12:26:01.0000000
O00333,T05018,,0,False,2024-11-18 09:27:01.0000000
O00334,T05278,,0,False,2024-06-24 10:25:01.0000000
O00335,T05180,L00335,30334,True,2024-09-10 21:18:01.0000000
O00336,T05550,L00336,39927,True,2024-10-20 22:43:01.0000000
O00337,T05222,L00337,35683,True,2024-09-07 04:03:01.0000000
O00338,T05100,,0,False,2024-11-21 09:12:01.0000000
O00339,T05164,L00339,33546,True,2024-12-31 14:38:01.0000000
O00340,T05464,,0,False,2024-07-18 06:55:01.0000000
O00341,T05406,L00341,14155,True,2023-08-08 23:08:01.0000000
O00342,T05122,L00342,39577,True,2024-11-07 19:04:01.0000000
O00343,T05325,,0,False,2024-08-12 08:05:01.0000000
O00344,T05511,L00344,7347,True,2023-12-01 01:44:01.0000000
O00345,T05039,,0,False,2024-11-20 22:56:01.0000000
O00346,T05174,L00346,46186,True,2024-04-25 18:38:01.0000000
O00347,T05188,,0,False,2024-10-05 12:21:01.0000000
O00348,T05543,L00348,13076,True,2024-09-20 09:28:01.0000000
O00349,T05011,,0,False,2024-10-15 02:58:01.0000000
O00350,T05144,,0,False,2024-11-10 04:36:01.0000000
O00351,T05377,,0,False,2024-11-04 14:00:01.0000000
O00352,T05435,,0,False,2024-11-23 22:14:01.0000000
O00353,T05348,,0,False,2024-08-04 17:18:01.0000000
O00354,T05098,L00354,17890,True,2024-08-30 18:06:01.0000000
O00355,T05065,L00355,30095,True,2024-09-29 20:45:01.0000000
O00356,T05202,,0,False,2024-10-10 14:04:01.0000000
O00357,T05520,L00357,18604,True,2024-11-24 11:42:01.0000000
O00358,T05573,L00358,25900,True,2024-09-09 01:59:01.0000000
O00359,T05153,,0,False,2024-06-18 08:15:01.0000000
O00360,T05295,L00360,36599,True,2024-12-19 12:07:01.0000000
O00361,T05068,L00361,35712,True,2024-12-03 08:20:01.0000000
O00362,T05031,,0,False,2024-03-03 17:49:01.0000000
O00363,T05341,L00363,43386,True,2024-08-18 20:24:01.0000000
O00364,T05257,L00364,13000,True,2023-09-04 04:48:01.0000000
O00365,T05311,,0,False,2024-05-30 02:01:01.0000000
O00366,T05490,L00366,39898,True,2024-05-13 22:23:01.0000000
O00367,T05020,L00367,31567,True,2024-04-07 02:35:01.0000000
O00368,T05362,L00368,10878,True,2024-06-05 11:37:01.0000000
O00369,T05528,,0,False,2024-12-27 20:54:01.0000000
O00370,T05146,L00370,21987,True,2024-07-09 16:30:01.0000000
O00371,T05111,,0,False,2024-03-04 04:09:01.0000000
O00372,T05113,,0,False,2024-06-30 19:50:01.0000000
O00373,T05349,,0,False,2024-10-07 20:12:01.0000000
O00374,T05132,,0,False,2024-10-04 12:13:01.0000000
O00375,T05567,L00375,19770,True,2024-09-20 18:54:01.0000000
O00376,T05555,L00376,43656,True,2024-10-13 18:43:01.0000000
O00377,T05204,L00377,41854,True,2024-11-17 05:42:01.0000000
O00378,T05358,,0,False,2024-07-30 02:44:01.0000000
O00379,T05123,,0,False,2024-03-15 20:51:01.0000000
O00380,T05510,L00380,49352,True,2024-12-01 02:56:01.0000000
O00381,T05457,,0,False,2024-05-13 20:37:01.0000000
O00382,T05545,L00382,30908,True,2024-07-10 08:21:01.0000000
O00383,T05422,L00383,48701,True,2024-06-02 16:27:01.0000000
O00384,T05416,L00384,15032,True,2024-12-11 09:05:01.0000000
O00385,T05496,,0,False,2024-03-04 11:57:01.0000000
O00386,T05155,L00386,8415,True,2024-07-26 14:45:01.0000000
O00387,T05322,,0,False,2024-06-28 21:19:01.0000000
O00388,T04976,L00388,28402,True,2024-12-19 10:13:01.0000000
O00389,T05072,L00389,47221,True,2024-10-13 09:35:01.0000000
O00390,T05298,L00390,21580,True,2024-10-13 08:37:01.0000000
O00391,T05577,L00391,46690,True,2024-08-15 11:30:01.0000000
O00392,T05187,L00392,18656,True,2024-04-27 17:08:01.0000000
O00393,T05420,L00393,9075,True,2023-08-09 22:46:01.0000000
O00394,T05237,L00394,13339,True,2024-08-05 16:43:01.0000000
O00395,T05263,L00395,28863,True,2024-10-11 02:50:01.0000000
O00396,T05426,,0,False,2024-03-11 19:04:01.0000000
O00397,T05474,,0,False,2024-12-19 09:43:01.0000000
O00398,T05244,,0,False,2024-07-28 09:36:01.0000000
O00399,T05277,L00399,46577,True,2024-04-08 14:59:01.0000000
O00400,T05252,L00400,9658,True,2023-10-11 05:46:01.0000000
O00401,T05318,,0,False,2023-06-08 17:10:01.0000000
O00402,T05281,,0,False,2024-09-17 16:19:01.0000000
O00403,T05369,,0,False,2024-12-26 08:39:01.0000000
O00404,T04970,,0,False,2024-11-24 19:24:01.0000000
O00405,T05292,,0,False,2024-12-08 08:22:01.0000000
O00406,T05082,L00406,40145,True,2024-09-19 04:54:01.0000000
O00407,T05005,L00407,10996,True,2024-11-19 08:42:01.0000000
O00408,T05038,,0,False,2024-06-11 02:03:01.0000000
O00409,T05469,L00409,31955,True,2023-02-24 07:19:01.0000000
O00410,T05103,L00410,24977,True,2024-11-28 15:31:01.0000000
O00411,T05241,,0,False,2024-02-12 14:33:01.0000000
O00412,T05055,L00412,14198,True,2024-07-14 20:18:01.0000000
O00413,T05459,,0,False,2024-04-02 20:54:01.0000000
O00414,T04996,,0,False,2024-09-28 22:56:01.0000000
O00415,T05084,L00415,26324,True,2024-12-08 05:03:01.0000000
O00416,T05479,L00416,13721,True,2024-11-13 15:32:01.0000000
O00417,T05561,L00417,13797,True,2024-11-03 07:55:01.0000000
O00418,T04980,,0,False,2024-12-13 12:05:01.0000000
O00419,T05145,,0,False,2024-11-05 07:46:01.0000000
O00420,T05214,L00420,37733,True,2024-08-12 15:09:01.0000000
O00421,T05487,,0,False,2024-04-22 01:26:01.0000000
O00422,T05208,L00422,42700,True,2024-04-08 00:30:01.0000000
O00423,T05497,,0,False,2024-06-11 11:20:01.0000000
O00424,T05394,L00424,7865,True,2024-06-19 09:57:01.0000000
O00425,T05236,,0,False,2024-05-20 07:34:01.0000000
O00426,T05013,,0,False,2024-12-07 13:13:01.0000000
O00427,T04968,L00427,34489,True,2024-12-20 19:41:01.0000000
O00428,T05081,,0,False,2024-12-29 14:01:01.0000000
O00429,T05480,,0,False,2024-08-24 04:46:01.0000000
O00430,T05456,L00430,17920,True,2024-11-08 10:06:01.0000000
O00431,T05004,L00431,20963,True,2024-07-02 06:29:01.0000000
O00432,T05067,,0,False,2024-04-02 09:22:01.0000000
O00433,T05560,L00433,32226,True,2024-12-07 02:21:01.0000000
O00434,T05205,,0,False,2024-09-14 01:02:01.0000000
O00435,T05230,,0,False,2024-07-26 04:28:01.0000000
O00436,T05391,,0,False,2024-07-11 00:09:01.0000000
O00437,T05368,,0,False,2024-05-08 04:17:01.0000000
O00438,T05554,L00438,24884,True,2024-05-15 20:19:01.0000000
O00439,T05209,L00439,13630,True,2024-09-07 05:31:01.0000000
O00440,T05483,L00440,7539,True,2023-10-05 08:53:01.0000000
O00441,T05256,L00441,15906,True,2024-12-29 16:02:01.0000000
O00442,T05097,,0,False,2023-08-10 16:53:01.0000000
O00443,T04977,,0,False,2024-03-12 03:55:01.0000000
O00444,T05315,L00444,48511,True,2023-11-22 20:55:01.0000000
O00445,T05442,L00445,16229,True,2024-12-18 19:52:01.0000000
O00446,T05059,,0,False,2024-10-15 16:57:01.0000000
O00447,T05366,L00447,7976,True,2024-11-17 20:52:01.0000000
O00448,T05522,,0,False,2023-10-09 17:54:01.0000000
O00449,T04978,L00449,14258,True,2024-08-14 19:08:01.0000000
O00450,T05043,L00450,48768,True,2024-02-22 20:21:01.0000000
O00451,T05343,L00451,23636,True,2024-05-26 08:22:01.0000000
O00452,T05121,L00452,47805,True,2023-11-15 13:43:01.0000000
O00453,T05382,L00453,33785,True,2024-08-05 17:24:01.0000000
O00454,T05272,,0,False,2024-12-23 19:59:01.0000000
O00455,T05476,,0,False,2024-10-24 14:26:01.0000000
O00456,T05110,L00456,22000,True,2024-11-11 10:09:01.0000000
O00457,T05454,,0,False,2024-04-18 11:43:01.0000000
O00458,T05185,,0,False,2024-09-24 10:43:01.0000000
O00459,T05089,,0,False,2024-08-23 22:36:01.0000000
O00460,T05057,L00460,21575,True,2024-10-26 11:27:01.0000000
O00461,T05280,,0,False,2024-08-15 10:18:01.0000000
O00462,T05407,,0,False,2024-09-12 23:18:01.0000000
O00463,T05015,L00463,17626,True,2023-12-26 02:44:01.0000000
O00464,T05307,,0,False,2024-12-06 08:37:01.0000000
O00465,T05308,,0,False,2023-11-28 11:43:01.0000000
O00466,T05320,,0,False,2024-12-29 00:19:01.0000000
O00467,T05374,,0,False,2024-04-24 17:12:01.0000000
O00468,T05412,,0,False,2024-07-12 14:13:01.0000000
O00469,T05029,,0,False,2024-11-26 16:26:01.0000000
O00470,T05296,,0,False,2024-11-28 22:36:01.0000000
O00471,T05302,L00471,46162,True,2024-07-28 22:05:01.0000000
O00472,T05189,,0,False,2024-12-15 20:02:01.0000000
O00473,T05346,L00473,23554,True,2024-08-02 05:58:01.0000000
O00474,T05178,L00474,40609,True,2024-05-06 04:40:01.0000000
O00475,T04964,L00475,23081,True,2024-12-27 16:18:01.0000000
O00476,T05396,,0,False,2024-11-09 16:54:01.0000000
O00477,T05245,L00477,23147,True,2024-07-10 06:26:01.0000000
O00478,T05323,,0,False,2024-11-12 02:17:01.0000000
O00479,T05168,L00479,46576,True,2024-02-19 11:54:01.0000000
O00480,T05546,L00480,34055,True,2024-12-16 18:42:01.0000000
O00481,T05170,L00481,36738,True,2024-08-02 01:35:01.0000000
O00482,T05460,,0,False,2024-05-11 15:03:01.0000000
O00483,T05176,L00483,45271,True,2024-08-04 10:07:01.0000000
O00484,T05267,L00484,13425,True,2024-10-24 05:03:01.0000000
O00485,T05141,L00485,21684,True,2024-08-16 01:25:01.0000000
O00486,T05228,L00486,30476,True,2024-10-25 06:56:01.0000000
O00487,T05384,L00487,49713,True,2024-11-15 03:12:01.0000000
O00488,T05451,,0,False,2024-12-20 08:19:01.0000000
O00489,T05206,L00489,36809,True,2024-03-15 20:40:01.0000000
O00490,T05515,,0,False,2024-11-12 13:58:01.0000000
O00491,T05531,L00491,48864,True,2024-12-18 13:23:01.0000000
O00492,T05361,,0,False,2024-07-22 05:43:01.0000000
O00493,T05541,,0,False,2024-08-06 10:21:01.0000000
O00494,T05309,,0,False,2024-11-22 16:59:01.0000000
O00495,T05044,,0,False,2024-06-10 00:11:01.0000000
O00496,T05051,,0,False,2024-07-18 01:41:01.0000000
O00497,T05136,,0,False,2024-11-08 06:43:01.0000000
O00498,T04953,,0,False,2024-03-13 09:58:01.0000000
O00499,T05443,,0,False,2024-08-18 05:12:01.0000000
O00500,T04971,L00500,18254,True,2024-12-27 04:51:01.0000000
O00501,T04999,L00501,9256,True,2024-12-12 08:57:01.0000000
O00502,T04991,,0,False,2024-12-13 11:15:01.0000000
O00503,T05268,,0,False,2024-12-27 22:13:01.0000000
O00504,T05017,L00504,38718,True,2024-03-22 11:33:01.0000000
O00505,T05261,,0,False,2024-09-21 05:12:01.0000000
O00506,T05403,,0,False,2024-11-03 21:11:01.0000000
O00507,T05099,,0,False,2024-07-21 16:22:01.0000000
O00508,T05199,,0,False,2024-11-28 04:22:01.0000000
O00509,T05553,,0,False,2024-09-29 23:22:01.0000000
O00510,T05049,L00510,23575,True,2024-09-14 05:37:01.0000000
O00511,T05041,L00511,39958,True,2024-07-03 09:19:01.0000000
O00512,T04975,,0,False,2024-05-26 04:45:01.0000000
O00513,T05030,,0,False,2024-12-15 02:05:01.0000000
O00514,T05326,,0,False,2024-11-23 10:23:01.0000000
O00515,T05367,L00515,30966,True,2024-09-22 06:13:01.0000000
O00516,T05285,L00516,7173,True,2024-12-12 03:17:01.0000000
O00517,T05133,,0,False,2024-03-16 03:58:01.0000000
O00518,T05509,L00518,26025,True,2024-07-13 22:44:01.0000000
O00519,T05172,L00519,42938,True,2024-06-19 17:28:01.0000000
O00520,T05313,L00520,49697,True,2024-09-23 01:59:01.0000000
O00521,T05544,L00521,6118,True,2024-12-22 04:03:01.0000000
O00522,T05574,L00522,5530,True,2024-11-22 00:41:01.0000000
O00523,T05304,L00523,20939,True,2024-09-12 04:39:01.0000000
O00524,T05484,,0,False,2024-08-12 18:45:01.0000000
O00525,T05037,L00525,37113,True,2024-08-27 09:19:01.0000000
O00526,T05080,L00526,22718,True,2024-03-25 11:57:01.0000000
O00527,T05116,L00527,33477,True,2024-11-19 21:06:01.0000000
O00528,T05488,,0,False,2024-01-13 05:54:01.0000000
O00529,T04985,,0,False,2024-12-05 03:21:01.0000000
O00530,T04966,,0,False,2024-08-20 03:36:01.0000000
O00531,T04983,,0,False,2024-12-04 05:06:01.0000000
O00532,T05246,,0,False,2024-05-05 14:53:01.0000000
O00533,T05087,L00533,31042,True,2024-01-20 11:29:01.0000000
O00534,T05465,L00534,23650,True,2024-06-27 03:31:01.0000000
O00535,T05423,,0,False,2024-08-24 11:38:01.0000000
O00536,T05009,L00536,31392,True,2024-11-29 23:17:01.0000000
O00537,T05050,L00537,5873,True,2024-08-03 22:13:01.0000000
O00538,T05227,L00538,43891,True,2024-12-24 19:43:01.0000000
O00539,T05217,,0,False,2024-09-25 17:04:01.0000000
O00540,T04961,,0,False,2024-07-03 18:51:01.0000000
O00541,T05530,L00541,12293,True,2023-11-21 18:07:01.0000000
O00542,T05034,,0,False,2024-01-02 12:10:01.0000000
O00543,T05427,,0,False,2024-10-16 02:07:01.0000000
O00544,T05305,,0,False,2024-12-21 21:26:01.0000000
O00545,T05028,L00545,5310,True,2024-03-28 22:46:01.0000000
O00546,T05364,,0,False,2024-07-14 07:14:01.0000000
O00547,T05301,,0,False,2024-12-17 00:15:01.0000000
O00548,T05495,,0,False,2024-10-10 03:07:01.0000000
O00549,T05064,,0,False,2024-12-27 12:03:01.0000000
O00550,T05033,L00550,35439,True,2024-09-06 14:54:01.0000000
O00551,T05413,L00551,42707,True,2024-05-03 19:38:01.0000000
O00552,T05537,L00552,22537,True,2024-11-16 19:12:01.0000000
O00553,T05570,,0,False,2024-11-08 01:52:01.0000000
O00554,T05492,,0,False,2024-11-13 18:10:01.0000000
O00555,T05429,L00555,39767,True,2024-07-20 11:56:01.0000000
O00556,T05083,,0,False,2024-11-08 09:28:01.0000000
O00557,T05418,,0,False,2024-08-07 12:32:01.0000000
O00558,T05478,,0,False,2024-02-16 18:37:01.0000000
O00559,T05262,L00559,12475,True,2024-06-25 10:05:01.0000000
O00560,T05152,L00560,43723,True,2024-05-02 11:05:01.0000000
O00561,T05088,L00561,13376,True,2024-10-16 14:35:01.0000000
O00562,T05024,,0,False,2024-09-13 16:32:01.0000000
O00563,T05417,L00563,10566,True,2024-05-28 12:27:01.0000000
O00564,T05491,,0,False,2024-06-15 12:11:01.0000000
O00565,T05535,L00565,12553,True,2024-06-22 12:07:01.0000000
O00566,T05216,L00566,43496,True,2024-08-11 13:22:01.0000000
O00567,T05275,L00567,14724,True,2024-07-28 12:00:01.0000000
O00568,T05220,,0,False,2024-08-17 11:42:01.0000000
O00569,T04973,,0,False,2024-08-08 06:48:01.0000000
O00570,T04989,L00570,47985,True,2024-10-22 02:19:01.0000000
O00571,T05130,,0,False,2024-06-18 22:16:01.0000000
O00572,T05048,L00572,40733,True,2024-10-30 10:25:01.0000000
O00573,T05331,L00573,45039,True,2024-12-15 19:15:01.0000000
O00574,T04954,,0,False,2024-03-22 16:33:01.0000000
O00575,T05166,,0,False,2024-08-23 02:39:01.0000000
O00576,T05335,,0,False,2024-04-22 16:31:01.0000000
O00577,T05109,,0,False,2024-08-26 12:28:01.0000000
O00578,T05159,L00578,26680,True,2024-07-15 21:55:01.0000000
O00579,T05329,L00579,34874,True,2024-07-24 14:57:01.0000000
O00580,T05523,L00580,46263,True,2024-09-23 23:36:01.0000000
O00581,T05284,L00581,47695,True,2024-08-10 17:56:01.0000000
O00582,T05010,,0,False,2024-08-25 03:53:01.0000000
O00583,T05112,L00583,14261,True,2024-12-29 09:05:01.0000000
O00584,T05433,,0,False,2024-12-20 10:38:01.0000000
O00585,T05486,,0,False,2024-10-27 13:46:01.0000000
O00586,T05283,,0,False,2024-10-26 13:52:01.0000000
O00587,T05557,,0,False,2024-11-22 23:35:01.0000000
O00588,T05060,L00588,41809,True,2024-09-19 23:24:01.0000000
O00589,T05105,L00589,40616,True,2024-10-24 12:00:01.0000000
O00590,T05276,,0,False,2024-01-15 00:49:01.0000000
O00591,T05453,,0,False,2024-04-21 03:40:01.0000000
O00592,T05223,L00592,23664,True,2024-12-19 12:59:01.0000000
O00593,T05021,L00593,15111,True,2024-12-08 16:25:01.0000000
O00594,T05444,L00594,30569,True,2024-10-20 19:34:01.0000000
O00595,T05569,,0,False,2024-11-16 18:04:01.0000000
O00596,T05090,L00596,43137,True,2023-08-06 17:10:01.0000000
O00597,T05558,L00597,7057,True,2024-11-14 13:33:01.0000000
O00598,T05254,L00598,9308,True,2024-10-18 03:32:01.0000000
O00599,T05161,L00599,29910,True,2024-06-13 10:14:01.0000000
O00600,T05393,,0,False,2024-11-09 02:17:01.0000000
O00601,T05025,L00601,34849,True,2024-06-03 04:32:01.0000000
O00602,T05458,L00602,9986,True,2024-12-14 05:26:01.0000000
O00603,T05192,L00603,47312,True,2024-11-25 16:21:01.0000000
O00604,T05568,L00604,29258,True,2024-11-23 23:08:01.0000000
O00605,T05552,L00605,36871,True,2024-10-20 14:32:01.0000000
O00606,T05532,L00606,33413,True,2023-11-24 23:24:01.0000000
O00607,T05461,,0,False,2024-11-02 09:46:01.0000000
O00608,T04992,,0,False,2024-11-04 20:04:01.0000000
O00609,T05200,,0,False,2024-12-20 07:40:01.0000000
O00610,T05091,L00610,23465,True,2023-12-14 06:04:01.0000000
O00611,T05356,,0,False,2023-11-19 04:46:01.0000000
O00612,T05173,L00612,8249,True,2024-08-04 02:06:01.0000000
O00613,T05134,,0,False,2024-10-14 22:36:01.0000000
O00614,T05559,L00614,23335,True,2024-09-10 04:52:01.0000000
O00615,T05452,L00615,46671,True,2024-09-10 13:04:01.0000000
O00616,T05179,L00616,25800,True,2024-12-30 17:59:01.0000000
O00617,T05233,,0,False,2024-12-18 12:21:01.0000000
O00618,T05499,L00618,31472,True,2024-09-30 04:09:01.0000000
O00619,T05197,L00619,18910,True,2024-09-30 20:41:01.0000000
O00620,T05437,L00620,10252,True,2024-11-04 21:31:01.0000000
O00621,T05381,L00621,19496,True,2024-10-20 17:49:01.0000000
O00622,T05036,,0,False,2024-08-01 16:04:01.0000000
O00623,T05093,,0,False,2024-09-22 16:46:01.0000000
O00624,T05289,L00624,25894,True,2024-11-05 06:12:01.0000000
O00625,T05219,,0,False,2024-07-27 01:53:01.0000000
O00626,T05333,L00626,43902,True,2024-08-18 13:43:01.0000000
O00627,T05445,L00627,27206,True,2024-11-14 14:50:01.0000000
O00628,T05338,L00628,19441,True,2024-07-29 06:21:01.0000000
